Company,City,Affected Workers,Notice Received,Original Notice Type / Update Type,Layoff Begin Date,NAICS Description,CountyWorkforce Development Area
Semco Windows and Doors,Merrill,141,20200102,CL,12/31/2019,Wood Window & Door Mfg.,Lincoln,North Central
OEMMCCO Inc.,Kenosha,49,20200110,CL,3/31/2020,Machine Shops,Kenosha,Southeast
Eastek Automated Circuit,Menomonee Falls,36,20200128,WR,3/31/2020,Printed Circuit Assembly Mfg,Waukesha,WOW
Marquis Yachts,Pulaski,344,20200130,CL,3/1/2020,Boat Bldg,Brown,Bay Area
FPM Heat Treating,Milwaukee,27,20200130,CL,4/1/2020,Metal Heat Treating,Milwaukee,Milwaukee
US Bank,Milwaukee,62,20200203,WR,4/6/2020,Commercial Banking,Milwaukee,Milwaukee
Compass Group,Neenah,30,20200203,CL,3/31/2020,Janitorial Services,Winnebago,Fox Valley
"IDEXX Distribution, Inc.",Marshfield,38,20200214,CL,5/1/2020,Veterinary Services,Wood,North Central
"IDEXX Distribution, Inc.",Waukesha,13,20200214,CL,5/1/2020,Veterinary Services,Waukesha,WOW
Riddell Sports Group Inc.,Sun Prairie,109,20200217,CL,4/10/2020,Sporting Goods Stores,Dane,South Central
Bear Down Logistics Central,Sussex,95,20200218,CL,4/13/2020,Local Messengers & Local Delivery,Waukesha,WOW
Black Horse Carriers Inc.,Pewaukee,68,20200224,CL,2/24/2020,General Freight Trucking Long Distance TL,Waukesha,WOW
Cascio Music Co. Inc.,New Berlin,71,20200224,CL,4/20/2020,Musical Instrument & Supplies Stores,Waukesha,WOW
Knueppel Healthcare Services Inc.,West Allis,44,20200302,CL,4/30/2020,Food Health Supplement Stores,Milwaukee,Milwaukee
"Everbrite, LLC",Milwaukee,116,20200304,CL,4/27/2020,Sign Mfg.,Milwaukee,Milwaukee
Hutchinson Technology Inc.,Eau Claire,112,20200318,WR,5/16/2020,Computer Storage Device Mfg,Eau Claire,West Central
Punch Bowl Social,Milwaukee,91,20200319,WR,3/16/2020,Full-Service Restaurants,Milwaukee,Milwaukee
"Sub-Zero Group, Inc.",Fitchburg,1043,20200320,CL,3/22/2020,Major Household Appliance Manufacturing,Dane,South Central
Tower Clock Eye Center,"Green Bay, Manitowoc, Oconto, Shawano",75,20200320,CL,5/18/2020,Offices of Physicians exc Mental Health,"Brown, Manitowoc, Oconto, Shawano",Bay Area
Holiday Inn Convention Center Stevens Point,Stevens Point,143,20200323,WR,3/21/2020,Hotels & Motels exc Casino Hotels,Portage,North Central
Visual Impressions Inc,Milwaukee,41,20200323,WR,3/20/2020,Commercial Screen Printing,Milwaukee,Milwaukee
"Big Dot of Happiness, LLC",Menomonie,57,20200323,WR,3/18/2020,Electronic Shipping and Mail Order Houses,Dunn,West Central
Stroh Die Cast LLC,Mauston,71,20200323,CL,5/16/2020,Nonferrous Mtl Die-Casting Foundries,Juneau,Western
Wisconsin Central School Bus,Milwaukee,90,20200323,WR,3/16/2020,School & Employee Bus Trans,Milwaukee,Milwaukee
Wisconsin Central School Bus,New Richmond,48,20200323,WR,3/16/2020,School & Employee Bus Trans,St. Croix,West Central
Clearwing Production Inc.,Milwaukee,25,20200323,WR,3/16/2020,Independent Artists Writers & Performers,Milwaukee,Milwaukee
Hyatt Regency Milwaukee,Milwaukee,112,20200323,WR,3/16/2020,Hotels & Motels exc Casino Hotels,Milwaukee,Milwaukee
Mickeys Linen and Towel Supply Inc,Milwaukee,48,20200323,WR,3/18/2020,Linen Supply,Milwaukee,Milwaukee
Black Shoe Hospitality,Milwaukee,155,20200323,WR,3/16/2020,Commercial Bakeries/Full Service Restaurants,Milwaukee,Milwaukee
Eddie Martini's Enterprises,Wauwatosa,30,20200323,WR,3/17/2020,Full-Service Restaurants,Milwaukee,Milwaukee
Park Hotel Inc.,Madison,120,20200323,CL,3/22/2020,Hotels & Motels exc Casino Hotels,Dane,South Central
HMS Host Corporation,Milwaukee,120,20200324,WR,3/20/2020,Limited-service restaurants,Milwaukee,Milwaukee
Holiday Inn & Suites Wausau Rothschild,Rothschild,60,20200324,WR,3/24/2020,Hotels & Motels exc Casino Hotels,Marathon,North Central
The Edgewater Management Company,Madison,202,20200325,WR,3/18/2020,Hotels & Motels exc Casino Hotels,Dane,South Central
Hospitality Democracy LLC,Milwaukee,234,20200325,CL,3/16/2020,Full-Service Restaurants,Milwaukee,Milwaukee
Kettle Moraine YMCA,"West Bend, Port Washington",700,20200325,CL,3/17/2020,Civic & Social Organizations,Washington,WOW
Take 5 Oil Change,"Baraboo, Bellevue, Brookfield, Brown Deer, Cedarburg, Crivitz, De Pere, Fitchburg, Glendale, Green Bay, Hales Corner, Hartford, Kenosha, Merrill, Milwaukee, Mukwonago, New Berlin, New London, Oak Creek, Racine, Reedsburg, Sheboygan, Sun Prairie, Waukesha, Wauwatosa, West Allis, Wisconsin Rapids",140,20200325,WR,3/22/2020,Automotive Oil Change & Lubrication Shops,"Brown, Dane, Dodge, Kenosha, Lincoln, Marinette, Milwaukee, Ozaukee, Racine, Sauk, Sheboygan, Waukesha, Waupaca, Wood","Bay Area, Fox Valley, Milwaukee, North Central, Southeast, South Central, WOW"
Schroeder Moving Systems,New Berlin,29,20200326,WR,3/30/2020,Used Household & Office Goods Moving,Waukesha,WOW
MicroStar Quality Services,Green Bay,44,20200326,WR,3/27/2020,All Other Consumer Goods Rental,Brown,Bay Area
Altitude Trampoline Park,Appleton,67,20200326,WR,3/17/2020,All Other Amusement & Recreation Ind,Outagamie,Bay Area
Catering A Fresco,Madison,68,20200326,CL,3/17/2020,Caterers,Dane,South Central
Tex Tubb's Taco Place,Madison,43,20200326,WR,3/17/2020,Full-Service Restaurants,Dane,South Central
Johnny Delmonico's,Madison,34,20200326,CL,3/17/2020,Full-Service Restaurants,Dane,South Central
Discovery Culinary Collaborative LLC,Madison,55,20200326,CL,3/17/2020,Full-Service Restaurants,Dane,South Central
Avenue Club,Madison,49,20200326,WR,3/17/2020,Full-Service Restaurants,Dane,South Central
Eldorado Grill,Madison,47,20200326,WR,3/17/2020,Full-Service Restaurants,Dane,South Central
Luigi's Pizzeria,Madison,34,20200326,WR,3/17/2020,Full-Service Restaurants,Dane,South Central
DLUX,Madison,49,20200326,WR,3/17/2020,Full-Service Restaurants,Dane,South Central
Canteen,Madison,42,20200326,CL,3/17/2020,Full-Service Restaurants,Dane,South Central
Bar Corallini,Madison,27,20200326,WR,3/17/2020,Full-Service Restaurants,Dane,South Central
Monty's Blue Plate Diner,Madison,54,20200326,WR,3/17/2020,Full-Service Restaurants,Dane,South Central
Market Street Diner,Sun Prairie,45,20200326,WR,3/17/2020,Full-Service Restaurants,Dane,South Central
Craftsman Table and Tap,Middleton,49,20200326,CL,3/17/2020,Full-Service Restaurants,Dane,South Central
Bassett Street Brunch Club,Madison,62,20200326,WR,3/17/2020,Full-Service Restaurants,Dane,South Central
Great Lakes Services LLC,Madison,24,20200327,WR,4/3/2020,Hotels & Motels exc Casino Hotels,Dane,South Central
Great Lakes Services LLC,Madison,69,20200327,WR,4/2/2020,Hotels & Motels exc Casino Hotels,Dane,South Central
The Coopers Tavern,Madison,70,20200327,WR,3/17/2020,Full-Service Restaurants,Dane,South Central
Hubbard Avenue Diner,Middleton,65,20200327,WR,3/17/2020,Full-Service Restaurants,Dane,South Central
Cento Restaurant LLC,Madison,78,20200327,WR,3/17/2020,Full-Service Restaurants,Dane,South Central
Everly and Miko Poke,Madison,68,20200327,WR,3/17/2020,Full-Service Restaurants,Dane,South Central
Fresco Restaurant,Madison,43,20200327,WR,3/17/2020,Full-Service Restaurants,Dane,South Central
Spectra Food Services and Hospitality,Green Bay,49,20200329,CL,3/26/2020,Food Service Contractors,Brown,Bay Area
Paper Source,Brookfield,9,20200330,WR,3/29/2020,Office Supplies & Stationery Stores,Waukesha,WOW
Paper Source,Glendale,9,20200330,WR,3/29/2020,Office Supplies & Stationery Stores,Milwaukee,Milwaukee
Paper Source,Madison,13,20200330,WR,3/29/2020,Office Supplies & Stationery Stores,Dane,South Central
Great Lakes Services,Baraboo,247,20200330,WR,3/16/2020,Hotels & Motels exc Casino Hotels,Sauk,South Central
"Schulte Hospitality Group, Inc.",Milwaukee,30,20200330,WR,3/16/2020,Hotels & Motels exc Casino Hotels,Milwaukee,Milwaukee
Collegiate Hotel Group,Madison,63,20200330,WR,3/16/2020,Hotels & Motels exc Casino Hotels,Dane,South Central
"Schwaab, Inc.",Brookfield,42,20200330,WR,3/24/2020,Office Supplies (Exc Paper) Mfg,Waukesha,WOW
Rexnord Industries LLC,Grafton,140,20200330,WR,6/5/2020,Conveyor & Conveying Equip Mfg,Ozaukee,WOW
"Stateline Boys and Girls Clubs, Inc",Beloit,28,20200330,WR,3/30/2020,Civic & Social Organizations,Rock,Southwest
Reynolds Machine Company,New Berlin,36,20200330,WR,3/24/2020,Motor Vehicle Power Train Components Mfg,Waukesha,WOW
Data Dimensions  ,Janesville,260,20200330,CL,5/29/2020,Description Data Processing Hosting & Related Services,Rock,Southwest
Stateline Family YMCA,Beloit,200,20200330,WR,3/16/2020,Civic & Social Organizations,Rock,Southwest
"SSA Group, LLC  ",Milwaukee,319,20200330,WR,3/29/2020,Limited-service restaurants,Milwaukee,Milwaukee
Delavan Lake Resort,Delavan,11,20200330,CL,3/16/2020,All Other Traveler Accommodation,Walworth,Southeast
Lake Lawn Resort,Delevan,305,20200330,CL,3/16/2020,Hotels & Motels exc Casino Hotels,Walworth,Southeast
YMCA of the Northwoods,Rhinelander,109,20200331,CL,3/17/2020,Civic & Social Organizations,Oneida,North Central
Cinemark USA Inc.,Kenosha,51,20200331,CL,3/26/2020,Motion Picture Theaters exc Drive Ins,Kenosha,Southeast
California Pizza Kitchen,Glendale,36,20200331,CL,3/22/2020,Full-service restaurants,Milwaukee,Milwaukee
FeraDyne Outdoors,Superior,226,20200331,CL,3/25/2020,Sporting & Athletic Goods Mfg,Douglas,Northwest
Stevens Point YMCA,Stevens Point,324,20200331,CL,3/18/2020,Civic & Social Organizations,Portage,North Central
AJLS Enterprises Inc.,Madison,56,20200402,WR,4/3/2020,Ice Cream & Frozen Dessert Mfg,Dane,South Central
PlayMonster LLC,Beloit,31,20200402,WR,4/6/2020,"Doll, Toy, & Game Mfg",Rock,Southwest
Bartaco,Madison,67,20200402,CL,3/21/2020,Full-service restaurants,Dane,South Central
"Chandler Exhibits, Inc.",Hudson,34,20200402,CL,3/25/2020,Other Specialized Design Services,St. Croix,West Central
Bernick's,"Dresser, Superior",25,20200403,WR,4/1/2020,Other Grocery Product Merch Whls,"Polk, Douglas","West Central, Northwest"
Caleres Inc,Port Washington,213,20200403,CL,3/20/2020,Footwear Merch Whls,Ozaukee,WOW
Caleres/Woodlore Manufacturing,Port Washington,28,20200403,CL,3/20/2020,Misc Wood Product Mfg,Ozaukee,WOW
Gray & Associates,New Berlin,28,20200403,WR,4/3/2020,Offices of Lawyers,Waukesha,WOW
La Crosse Area Family YMCA  ,"La Crosse, Onalaska",562,20200403,WR,3/18/2020,Civic & Social Organizations,La Crosse,Western
eImprovement LLC,Pleasant Prairie,60,20200403,CL,4/30/2020,Electronic Shopping and Mail-Order Houses,Kenosha,Southeast
PC/Nametag Inc.,Verona,46,20200403,WR,4/6/2020,Electronic Shopping and Mail-Order Houses,Dane,South Central
Spectra Food Services and Hospitality,Baraboo,172,20200406,CL,3/26/2020,Food Service Contractors,Sauk,South Central
Chapter 2 Inc.,Lake Mills,26,20200406,WR,4/3/2020,Special Tool Die Jig & Fixture Mfg,Jefferson,South Central
"Van's Supply & Equipment, Inc.",Green Bay,37,20200406,WR,3/29/2020,New Car Dealers,Brown,Bay Area
YMCA of Greater Waukesha County,"Waukesha, Menomonee Falls, Greenfield, Wauwatosa, New Berlin, Mukwonago",1100,20200406,CL,3/17/2020,Civic & Social Organizations,"Waukesha, Milwaukee","WOW, Milwaukee"
YMCA of Dodge County,Beaver Dam,89,20200406,WR,3/16/2020,Civic & Social Organizations,Dodge,South Central
Uncle Julio's,Brookfield,93,20200406,CL,3/19/2020,Full-service restaurants,Waukesha,WOW
Woodson YMCA,Wausau,300,20200406,CL,3/17/2020,Fitness & Recreational Sports Centers,Marathon,North Central
Geneva Lakes Family YMCA,Lake Geneva,117,20200406,WR,3/17/2020,Civic & Social Organizations,Walworth,Southeast
"Hobby Lobby Stores, Inc.","Appleton, Brookfield, Eau Claire, Franklin, Green Bay, Janesville, Kenosha, Madison, Manitowoc, Menomonee Falls, Monona, Onalaska, Oshkosh, Racine, Rhinelander, Rice Lake, Waukesha, Wausau, Wauwatosa, West Allis, West Bend",639,20200406,CL,3/25/2020,Hobby Toy & Game Stores,"Barron, Brown, Dane, Eau Claire, Kenosha, La Crosse, Manitowoc, Marathon, Milwaukee, Oneida, Outagamie, Racine, Rock, Washington, Winnebago","Bay Area, Fox Valley, Milwaukee, North Central, South Central, Southeast, Southwest, WOW, West Central, Western"
Greater Green Bay YMCA,"Green Bay, Brussels, Suring",829,20200406,WR,3/15/2020,Civic & Social Organizations,"Brown, Oconto, Door",Bay Area
Manitowoc-Two Rivers YMCA,Manitowoc,219,20200407,CL,4/6/2020,Civic & Social Organizations,Manitowoc,Bay Area
Advanced Pain Management,Greenfield,50,20200407,WR,5/1/2020,Offices of Physicians exc Mental Health,Milwaukee,Milwaukee
YMCA of the Chippewa Valley,"Chippewa Falls, Eau Claire, New Auburn",557,20200407,CL,3/19/2020,Civic & Social Organizations,"Chippewa, Eau Claire",West Central
Pace Industries,Grafton,381,20200408,WR,3/20/2020,Aluminum Die Casting Foundries,Ozaukee,WOW
Abercrombie & Fitch,"Appleton, La Crosse, Wauwatosa",123,20200408,CL,4/12/2020,Family Clothing Stores,"La Crosse, Milwaukee, Outagamie","Bay Area, Milwaukee, Western"
Prospect International Airport Services Corp.,Milwaukee,48,20200408,WR,4/22/2020,Other Airport Operations,Milwaukee,Milwaukee
American Greetings,Statewide,153,20200408,WR,3/23/2020,All Other Support Services,Statewide,Statewide
Tetra PAK Processing Equipment Inc.,Windsor,39,20200409,CL,7/3/2020,Food Product Machinery Mfg,Dane,South Central
Meetings and Incentives Worldwide Inc,Caledonia,15,20200409,WR,3/5/2020,Convention & Trade Show Organizers,Racine,Southeast
Server Products Inc,Richfield,53,20200409,WR,3/30/2020,Other Com & Service Ind Machinery Mfg,Washington,WOW
Glacial Community YMCA,"Oconomowoc, Watertown",542,20200409,WR,3/16/2020,Civic & Social Organizations,"Waukesha, Dodge","WOW, South Central"
Patientpop,Menasha,1,20200410,WR,3/27/2020,Marketing Consulting Services,Winnebago,Fox Valley
"Hooters of America, LLC","Madison, Brookfield",61,20200410,WR,3/16/2020,Full-service restaurants,"Dane, Waukesha","South Central, WOW"
Scholastic,Milwaukee,53,20200413,WR,3/18/2020,Book & Periodical Merch Whls,Milwaukee,Milwaukee
Safran Aerosystems Services Americas LLC,Menomonee Falls,29,20200413,WR,4/14/2020,Other Elect Equip Repair,Waukesha,WOW
Nordstrom Inc.,"Madison, Wauwatosa",218,20200414,WR,4/5/2020,Deparment Stores,"Dane, Milwaukee","South Central, Milwaukee"
YMCA of Northern Rock County,"Janesville, Milton",142,20200414,WR,3/27/2020,Civic & Social Organizations,Rock,Southwest
"Bars & Recreation, Inc.",Milwaukeee,38,20200414,WR,3/30/2020,Drinking Places Alcoholic Beverages,Milwaukee,Milwaukee
LSC Communications,Baraboo,393,20200415,WR,4/20/2020,Commercial Gravure Printing,Sauk,South Central
Ashley Furniture Industries Inc.,Whitehall,70,20200416,WR,4/16/2020,Upholstered Household Furn Mfg,Trempealeau,Western
Milwaukee Center for Independence,Milwaukee,128,20200417,WR,4/30/2020,Other Individual & Family Services,Milwaukee,Milwaukee
The Finish Line,"Green Bay, Greendale, Janesville, Johnson Creek, Madison, Racine, Wauwatosa",131,20200417,WR,4/12/2020,Shoe Stores,"Brown, Dane, Jefferson, Milwaukee, Racine, Rock","Bay Area, Milwaukee, South Central, Southeast, Southwest"
The Finish Line Macy's,Wauwatosa,3,20200417,WR,4/2/2020,Shoe Stores,Milwaukee,Milwaukee
Baker Manufacturing Company LLC,Evansville,49,20200417,WR,4/20/2020,Other Com & Service Ind Machinery Mfg,Rock,Southwest
Goodwill,"Ashland, Superior",20,20200420,WR,4/16/2020,Used Merchandise Stores,"Ashland, Douglas",Northwest
YMCA of the Fox Cities,"Appleton, Greenville, Kimberly, Neenah",1546,20200420,WR,3/16/2020,Civic & Social Organizations,"Outagamie, Winnebago","Bay Area, Fox Valley"
Emmi Roth,Seymour,32,20200421,WR,4/13/2020,Cheese Mfg,Outagamie,Bay Area
Great Lakes Specialty Finance Inc.,"Wautoma, Portage, Delevan, Milwaukee, Sheboygan, Madison, Appleton, Fond du Lac, Beloit, Janesville, West Bend, Green Bay, Eau Claire, Wausau, Marinette, Hudson, Racine, Marshfield, Superior, Shawano",28,20200421,WR,5/1/2020,Consumer Lending,"Waushara, Columbia, Walworth, Milwaukee, Sheboygan, Dane, Outagamie, Fond du Lac, Rock, Washington, Brown, Eau Claire, Marathon, Marinette, St. Croix, Racine, Shawano","Southeast, Milwaukee, WOW, Fox Valley, Bay Area, North Central, Northwest, West Central, South Central, Southwest"
Hutchinson Technology Inc.,Eau Claire,110,20200421,WR,5/28/2020,Computer Storage Device Mfg,Eau Claire,West Central
Visionworks,"Kenosha, Milwaukee, Shorewood, West Allis, Wauwatosa, Greendale, Mequon, West Bend, Brookfield, Waukesha, Oconomowoc, Menomonee Falls, Eau Claire, La Crosse",97,20200422,CL,4/5/2020,Optical Goods Stores,"Eau Claire, Kenosha, La Crosse, Milwaukee, Ozaukee, Washington, Waukesha","Southeast, Milwaukee, WOW, West Central, Western"
Marquis Yachts,Pulaski,117,20200423,WR,6/26/2020,Boat Bldg,Brown,Bay Area
Van Galder Bus / Coach USA,Janesville,258,20200423,WR,3/14/2020,Interurban & Rural Bus Trans,Rock,Southwest
Hi-Crush Services,Whitehall,35,20200423,WR,3/30/2020,Ind Sand Mining,Trempealeau,Western
Hi-Crush Services,Taylor,32,20200423,WR,3/30/2020,Ind Sand Mining,Trempealeau,Western
Bed Bath & Beyond Inc.,Brookfield,55,20200424,WR,4/4/2020,All Other Home Furnishings Stores,Waukesha,WOW
Metals USA Carbon Flat Rolled Inc,Horicon,10,20200427,WR,4/23/2020,Metal Merch Whls,Dodge,South Central
Global Finishing Solutions,Osseo,94,20200427,WR,4/28/2020,Sheet Metal Work Mfg,Trempealeau,Western
Smart Sand Inc.,Tomah,55,20200428,WR,5/1/2020,Ind Sand Mining,Monroe,Western
The Hertz Corporation,Milwaukee,38,20200428,WR,4/14/2020,Passenger Car Rental,Milwaukee,Milwaukee
Footlocker.com/Eastbay,Wausau,1,20200428,WR,4/26/2020,Managing Offices,Marathon,North Central
Foot Locker,"Appleton, Brookfield, Glendale, Green Bay, Greendale, La Crosse, Madison, Milwaukee, Racine, Wauwatosa",261,20200428,WR,4/26/2020,Shoe Stores,"Brown, Dane, La Crosse, Milwaukee, Outagamie, Racine, Waukesha","Bay Area, Milwaukee County, South Central, Southeast, WOW, Western"
Eastbay Retail Store,Wausau,21,20200428,WR,4/26/2020,Shoe Stores,Marathon,North Central
Enterprise Holdings,"Waukesha, Oak Creek, Milwaukee",260,20200429,WR,3/23/2020,Passenger Car Rental,"Waukesha, Milwaukee","Milwaukee, WOW"
Sheraton Milwaukee Brookfield Hotel,Brookfield,101,20200430,WR,3/27/2020,Hotels & Motels exc Casino Hotels,Waukesha,WOW
Bluegreen Vacations,Wisconsin Dells,242,20200430,WR,3/27/2020,Lessors of Residentials Bldgs,Sauk,South Central
Covia Corp.,Tomah,32,20200504,WR,5/4/2020,Ind Sand Mining,Monroe,Western
Holy Family College,Manitowoc,110,20200506,CL,5/6/2020,Colleges & Universities,Manitowoc,Bay Area
Badger Mining Corporation,Taylor,38,20200514,WR,5/14/2020,Ind Sand Mining,Jackson,Western
Atrium Hospitality,Middleton,125,20200518,WR,3/12/2020,Hotels & Motels exc Casino Hotels,Dane,South Central
Foremost Farms USA,Chilton,50,20200518,CL,7/17/2020,Cheese Mfg,Calumet,Fox Valley
"Wigwam Mills, Inc.",Sheboygan,121,20200522,WR,6/1/2020,Other Hosiery & Sock Mills,Sheboygan,Bay Area
Documation LLC,Eau Claire,28,20200526,WR,6/9/2020,Commercial Gravure Printing,Eau Claire,West Central
BRP US,Sturtevant,387,20200527,WR,5/27/2020,Other Engine Equip Mfg,Racine,Southeast
Alkar-Rapid Pak Inc.,Lodi,25,20200528,WR,5/18/2020,Food Product Machinery Mfg,Columbia,South Central
Renaissance Manufacturing Group,Waukesha,120,20200601,CL,7/31/2020,Iron Foundries,Waukesha,WOW
Union Cab of Madison Cooperative,Madison,126,20200601,WR,3/22/2020,Taxi Service,Dane,South Central
Humane Manufacturing LLC,Baraboo,21,20200601,CL,7/31/2020,Resilient Floor Covering Mfg.,Sauk,South Central
PMI Entertainment Group Inc.,Green Bay,31,20200604,WR,7/1/2020,Promoters With Facilities,Brown,Bay Area
Astec Industries Inc and Telsmith Inc,Mequon,135,20200608,CL,8/14/2020,Construction Machinery Mfg,Ozaukee,WOW
Verso Corporation,Wisconsin Rapids,902,20200610,CL,7/31/2020,Paper exc Newsprint Mills,Wood,North Central
Nova Wildcat Shur-Line LLC,St. Francis,93,20200612,CL,8/14/2020,Broom Brush & Mop Mfg,Milwaukee,Milwaukee
Derse Inc.,Milwaukee,87,20200612,WR,6/11/2020,Sign Mfg.,Milwaukee,Milwaukee
Hyatt Corporation,Green Bay,42,20200615,WR,3/22/2020,Hotels & Motels exc Casino Hotels,Brown,Bay Area
Catalytic Combustion,Bloomer,26,20200615,WR,6/7/2020,Air Purification Equip Mfg,Chippewa,West Central
Novares Americas Engine Components Inc,Richland Center,74,20200617,CL,8/17/2020,All Other Plastics Product Mfg.,Richland,Southwest
American Phoenix,Eau Claire,46,20200619,WR,6/19/2020,All Other Rubber Product Mfg,Eau Claire,West Central
"Graceland Fruit Wisconsin, Inc.",Warrens,65,20200623,CL,6/18/2020,Dried & Dehydrated Food Mfg,Monroe,Western
"Demco, Inc.","Madison, Deforest",38,20200625,WR,8/3/2020,Office Supplies Merch Whls,Dane,South Central
Levy Premium Food Service at Fiserv Forum,Milwaukee,47,20200625,WR,8/1/2020,Food Service Contractors,Milwaukee,Milwaukee
Levy Premium Food Service at Wisconsin Center District,Milwaukee,25,20200625,WR,8/1/2020,Food Service Contractors,Milwaukee,Milwaukee
ALG Vacations,Milwaukee,149,20200625,WR,7/1/2020,Tour Operators,Milwaukee,Milwaukee
Hilton Madison Monona Terrace,Madison,40,20200625,WR,7/31/2020,Hotels & Motels exc Casino Hotels,Dane,South Central
Hilton Milwaukee City Center,Milwaukee,211,20200625,WR,7/31/2020,Hotels & Motels exc Casino Hotels,Milwaukee,Milwaukee
The Pfister Hotel,Milwaukee,89,20200625,WR,7/31/2020,Hotels & Motels exc Casino Hotels,Milwaukee,Milwaukee
Saint Kate - The Arts Hotel,Milwaukee,42,20200625,WR,7/31/2020,Hotels & Motels exc Casino Hotels,Milwaukee,Milwaukee
SafeHouse Milwaukee,Milwaukee,1,20200625,WR,7/31/2020,Hotels & Motels exc Casino Hotels,Milwaukee,Milwaukee
Wisconsin Hospitality Linen Service,Milwaukee,1,20200625,WR,7/31/2020,Linen Supply,Milwaukee,Milwaukee
Marcus Hotels,Milwaukee,13,20200625,WR,7/31/2020,Hotels & Motels exc Casino Hotels,Milwaukee,Milwaukee
Grand Geneva Resort & Spa,Lake Geneva,23,20200626,WR,7/31/2020,Hotels & Motels exc Casino Hotels,Walworth,Southeast
Timber Ridge Lodge & Waterpark,Lake Geneva,5,20200626,WR,7/31/2020,Hotels & Motels exc Casino Hotels,Walworth,Southeast
Briggs & Stratton,Wauwatosa,228,20200626,WR,8/28/2020,Motor & Generator Mfg,Milwaukee,Milwaukee
Adecco USA Inc.,Wauwatosa,120,20200629,WR,8/28/2020,Motor & Generator Mfg,Milwaukee,Milwaukee
GE Healthcare,Wauwatosa,123,20200630,WR,8/31/2020,Medical Equip Merch Whls,Milwaukee,Milwaukee
Kimpton Journeyman Hotel,Milwaukee,97,20200701,WR,3/15/2020,Hotels & Motels exc Casino Hotels,Milwaukee,Milwaukee
Hilton Garden Inn - Milwaukee Airport,Milwaukee,48,20200702,WR,6/30/2020,Hotels & Motels exc Casino Hotels,Milwaukee,Milwaukee
Home2 Suites,Milwaukee,16,20200702,WR,6/30/2020,Hotels & Motels exc Casino Hotels,Milwaukee,Milwaukee
SpringHill Suites,Madison,37,20200702,WR,6/30/2020,Hotels & Motels exc Casino Hotels,Dane,South Central
Hampton Inn and Suites,Madison,45,20200702,WR,6/30/2020,Hotels & Motels exc Casino Hotels,Dane,South Central
SpringHill Suites Milwaukee,Milwaukee,20,20200702,WR,4/3/2020,Hotels & Motels exc Casino Hotels,Milwaukee,Milwaukee
Westin Milwaukee,Milwaukee,78,20200702,WR,3/20/2020,Hotels & Motels exc Casino Hotels,Milwaukee,Milwaukee
Marriott Milwaukee Downtown,Milwaukee,56,20200702,WR,4/3/2020,Hotels & Motels exc Casino Hotels,Milwaukee,Milwaukee
Delaware North Companies Inc.,"Milwaukee, Green Bay",1303,20200703,WR,3/1/2020,Full-service restaurants,"Milwaukee, Brown","Milwaukee, Bay Area"
Rev Group Inc,"Brookfield, Milwaukee",43,20200709,WR,9/21/2020,Managing Offices,Milwaukee,Milwaukee
Cintas Corporation,Menomonee Falls,92,20200713,CL,7/2/2020,Ind Launderers,Waukesha,WOW
The Madison Consourse Hotel,Madison,114,20200716,WR,9/13/2020,Hotels & Motels exc Casino Hotels,Dane,South Central
Forest County Potawatomi Community,"Milwaukee, Wabeno, Crandon",1835,20200717,WR,3/17/2020,Tribal Gov,"Milwaukee, Forest","Milwaukee, North Central"
United Alloy Inc,Janesville,108,20200720,WR,7/17/2020,Metal Tank Heavy Gauge Mfg,Rock,Southwest
North Central Staffing,Middleton,71,20200723,WR,3/14/2020,Hotels & Motels exc Casino Hotels,Dane,South Central
North Central Staffing,Madison,75,20200723,WR,3/14/2020,Hotels & Motels exc Casino Hotels,Dane,South Central
North Shore Healthcare,Shawano,44,20200727,CL,10/25/2020,Nursing Care Facilities (Skilled Nursing),Shawano,Bay Area
Air Wisconsin Airlines,"Milwaukee, Appleton",361,20200729,WR,10/1/2020,Scheduled Passenger Air Trans,"Milwaukee, Outagamie","Milwaukee, Bay Area"
Helgesen,Hartford,102,20200803,WR,9/30/2020,Misc Fabricated Metal Product Mfg,Washington,WOW
Northern Engraving Corporation,Holmen,61,20200804,WR,7/31/2020,All Other Plastics Product Mfg.,La Crosse,Western
"Stellar Mold & Tool, Inc.",Galesville,22,20200805,CL,8/3/2020,Ind Mold Mfg,Trempealeau,Western
Wacker Neuson,Menomonee Falls,186,20200807,WR,3/23/2020,Construction Machinery Mfg,Waukesha,WOW
Courier Distribution Systems,Sussex,98,20200811,WR,10/2/2020,Couriers & Express Delivery Services,Waukesha,WOW
Phillips Medisize,Eau Claire,98,20200812,CL,10/15/2020,Surgical & Medical Instrument Mfg,Eau Claire,West Central
Aramark at the Fluno Center,Madison,60,20200817,WR,8/31/2020,Food Service Contractors,Dane,South Central
Pereles Brothers Inc.,Milwaukee,49,20200818,CL,10/1/2020,All Other Plastics Product Mfg.,Milwaukee,Milwaukee
Sentry Services,Stevens Point,112,20200819,CL,4/19/2020,Direct Property & Casualty Insurers,Portage,North Central
APL Logistics Warehouse Management Services,Pleasant Prairie,86,20200827,CL,10/31/2020,General Warehouse & Storage,Kenosha,Southeast
"Avis Budget Car Rental, LLC","La Crosse, Milwaukee",10,20200828,WR,4/1/2020,Passenger Car Rental,"La Crosse, Milwaukee","Western, Milwaukee"
Fresh Thyme,Menomonee Falls,56,20200831,CL,9/17/2020,Supermarkets & Other Grocery Stores,Waukesha,WOW
Hyatt Place Madison,Madison,26,20200901,WR,3/15/2020,Hotels & Motels exc Casino Hotels,Dane,South Central
"Frank Productions, LLC.",Madison,39,20200916,WR,9/20/2020,Promoters With Facilities,Dane,South Central
Sodexo,Milwaukee,73,20200917,WR,3/15/2020,Food Service Contractors,Milwaukee,Milwaukee
P.F. Chang's China Bistro,Wauwatosa,75,20200917,WR,9/17/2020,Full-service restaurants,Milwaukee,Milwaukee
P.F. Chang's China Bistro,Appleton,75,20200917,WR,9/17/2020,Full-service restaurants,Outagamie,Bay Area
"Bartolotta Restaurant Group, LLC",Milwaukee,268,20200921,WR,3/16/2020,Full-service restaurants,Milwaukee,Milwaukee
"Mondi Akrosil, LLC",Pleasant Prairie,92,20200925,CL,2/1/2021,Paper Bag & Coated & Treated Paper,Kenosha,Southeast
Advanced Pain Management LLC,"Appleton, Greenfield, Kenosha, Madison, Milwaukee, Mount Pleasant, Prairie du Sac, Sheboygan, West Bend",238,20200925,"CL, AW, LS",10/31/2020,Offices of Physicians exc Mental Health,"Dane, Kenosha, Milwaukee, Outagamie, Racine, Sauk, Washington","Bay Area, Milwaukee, South Central, Southeast, WOW"
IHG Management (Maryland) LLC,Wauwatosa,31,20201006,WR,11/30/2020,Hotels & Motels exc Casino Hotels,Milwaukee,Milwaukee
W.M. Sprinkman,Waukesha,30,20201007,CL,12/4/2020,Metal Tank Heavy Gauge Mfg,Waukesha,WOW
Progressive Parking Solutions,Milwaukee,62,20201020,CL,11/30/2020,Parking Lots & Garages,Milwaukee,Milwaukee
Progressive Parking Solutions,Kenosha,2,20201020,CL,11/30/2020,Parking Lots & Garages,Kenosha,Southeast
Progressive Parking Solutions,Grafton,3,20201020,CL,11/30/2020,Parking Lots & Garages,Ozaukee,WOW
"Calibre, Inc.","Grafton, Saukville",204,20201028,CL,12/31/2020,Metal Coating & Nonprecious Engraving,Ozaukee,WOW
"Eau Claire Anesthesiologists, Ltd.",Eau Claire,54,20201029,CL,12/31/2020,Office of Physicians exc Mental Health,Eau Claire,West Central
"Maple Leaf Cheesemakers, Inc.",Monroe,31,20201029,CL,12/31/2020,Cheese Mfg,Green,Southwest
School Sisters of Notre Dame,Elm Grove,66,20201030,CL,12/31/2020,Elementary & Secondary Schools,Waukesha,WOW
Turnkey Processing Solutions/WP Operations LLC,Hixton,44,20201030,CL,12/31/2020,Construction Sand & Gravel Mining,Jackson,Western
Cardinal Logistics Management Corporation,Wisconsin Rapids,33,20201103,CL,12/31/2020,General Freight Trucking Long Distance,Wood,North Central
Mayo Clinic,La Crosse,5,20201106,WR,1/1/2021,N/A,La Crosse,Western
"Dairyland Buses, Inc. and Lakeside Buses, Inc.",Milwaukee,189,20201111,CL,11/3/2020,School & Employee Bus Trans,Milwaukee,Milwaukee
Fleet Farm,Appleton,42,20201113,CL,1/14/2021,All Other General Merchandise Stores,Outagamie,Bay Area
Sodexo at Martin University,Fond du Lac,24,20201116,WR,3/16/2020,Food Service Contractors,Fond Du Lac,Fox Valley
Valley Popcorn Co,Neenah,18,20201117,WR,11/16/2020,Confectionery Merch Whl,Winnebago,Fox Valley
Southwest Airlines,Milwaukee,18,20201118,WR,1/25/2021,Scheduled Passenger Air Trans,Milwaukee,Milwaukee
"Tex Mess, LLC, dba Eldorado Grill",Madison,20,20201119,WR,12/20/2020,Full service restaurants,Dane,South Central
EFS,Kenosha,10,20201208,CL,1/31/2021,General Freight Trucking Long Distance,Kenosha,Southeastern
Plymouth Tube Co USA,East Troy,11,20201228,WR,2/28/2021,Iron Steel Pipe & Tube from Purchased Steel,Walworth,Southeast
Courtyard Management Corporation,Brookfield,29,20201229,CL,3/1/2021,Hotels & Motels exc Casino Hotels,Waukesha,WOW
"Stresau Laboratory, Inc",Spooner,70,20210113,CL,2/24/2021,Ammunition exc Small Arms Mfg,Washburn,Northwest
The Master Lock Company,Milwaukee,61,20210120,WR,3/20/2021,Hardware Mfg,Milwaukee,Milwaukee
Durham School Services,Milwaukee,23,20210121,CL,3/13/2021,School & Employee Bus Trans,Milwaukee,Milwaukee
Ryder Integrated Logistics,Milwaukee,80,20210121,WR,3/31/2021,Packing & Crating,Milwaukee,Milwaukee
"Conagra Brands, Inc.",Milwaukee,190,20210125,CL,4/2/2021,Other Grocery Product Merch Whls,Milwaukee,Milwaukee
Air Wisconsin Airlines,Milwaukee,140,20210128,WR,4/1/2021,Other Support Activities for Air Trans,Milwaukee,Milwaukee
Stock and Field,Portage,39,20210129,CL,3/31/2021,Department Stores,Columbia,South Central
Wisconsin Physicians Services Insurance Corporation,"Rothschild, Monona",128,20210226,WR,5/3/2021,Direct Health & Medical Insurance Carriers,"Dane, Marathon","South Central, North Central"
Neillsville Care and Rehab,Neillsville,40,20210316,CL,3/16/2021,Nursing Care Facilities (Skilled Nursing),Clark,West Central
Wisconsin Central School Bus,New Richmond,48,20210318,CL,3/18/2021,School & Employee Bus Trans,St. Croix,West Central
Dairyland Power Cooperative,Genoa,63,20210325,CL,6/1/2021,Fossil Fuel Elect Power Generation,Vernon,Western
"Foot Locker Corporate Services, Inc.",Milwaukee,22,20210331,WR,5/30/2021,Family Clothing Stores,Milwaukee,Milwaukee
Deluxe Corporation,Wausau,43,20210401,CL,6/30/2021,Printing & Writing Paper Merch Whls,Marathon,North Central
"Cargill Cocoa and Chocolate, Inc.",Milwaukee,80,20210406,WR,6/5/2021,Chocolate & Confectionery Mfg from Cacao Bean,Milwaukee,Milwaukee
"Nestle USA, Inc.",Burlington,34,20210512,WR,7/23/2021,Confectionery Merch Whls,Racine,Southeast
Durr Universal,Muscoda,87,20210519,WR,8/31/2021,Misc General Purpose Machinery Mfg,Grant,Southwest
"Calibre, Inc.","Grafton, Saukville",204,20210601,CL,12/31/2020,Metal Coating & Nonprecious Engraving,Ozaukee,WOW
Hufcor Inc.,Janesville,166,20210602,WR,8/3/2021,Showcases Partitions Shelving & Lockers,Rock,Southwest
Clearwater Paper,Neenah,285,20210602,CL,7/2/2021,Paper exc Newsprint Mills,Winnebago,Fox Valley
Malteurop North America Inc.,Milwaukee,28,20210615,WR,8/15/2021,Malt Mfg,Milwaukee,Milwaukee
"Create-Ability, Inc.",Madison,61,20210629,CL,8/31/2021,Residential Intellectual and Developmental Disability Facilities,Dane,South Central
"Neenah, Inc.",Appleton,94,20210716,CL,9/15/2021,Paper exc Newsprint Mills,Outagamie,Bay Area
"Tyson Foods, operating as LD Foods/Keystone Foods",Jefferson,62,20210811,CL,10/10/2021,Seafood Product Preparation & Packaging,Jefferson,South Central
Eaton Corporation,Watertown,56,20210909,CL,11/8/2021,Relay & Ind Control Mfg,Jefferson,South Central
"The Vollrath Company, LLC",Menomonee Falls,51,20210928,CL,12/10/2021,Food Product Machinery Mfg,Waukesha,WOW
"Guardian Fabrication, LLC",Sun Prairie,82,20210930,CL,12/17/2021,Glass Product Mfg Made of Purchased Glass,Dane,South Central
Valero Services Inc.,Johnson Creek,61,20211004,WR,10/15/2021,Ethyl Alcohol Mfg,Jefferson,South Central
TMD Wisconsin LLC,Beloit,27,20211122,WR,1/23/2022,Motor Vehicle Seating & Interior Trim Mfg,Rock,Southwest
First Transit,Racine,81,20211129,CL,1/31/2022,Bus & Other Motor Vehicle Transit Systems,Racine,Southeast
Waupaca Elevator Co Inc,Appleton ,60,20211230,WR,2/28/2022,Private Households,Outagamie,Bay Area
"Briggs & Stratton, LLC","Richfield, Wauwatosa",56,20220128,"CL, WR",4/1/2022,Other Engine Equip Mfg,"Washington, Milwaukee","Milwaukee, WOW"
DHL Supply Chain,Chippewa Falls,72,20220128,CL,3/31/2022,General Freight Trucking Long Distance TL,Chippewa,West Central
"Moran Foods, LLC dba Save A Lot",Edgerton,30,20220131,CL,4/1/2022,General Line Grocery Merchant (except Convenience) Stores,Dane,South Central
"American Girl Brands, LLC.",Middleton,98,20220210,CL,4/18/2022,"Hobby, Toy, and Game Retailers",Dane,South Central
Kenosha Estates Nursing and Rehab,Kenosha,65,20220217,CL,4/15/2022,Nursing Care Facilities (Skilled Nursing),Kenosha,Southeast
Pehler and Sons Inc.,Arcadia,78,20220225,CL,4/27/2022,Other Specialized Trucking Local,Trempealeau,Western
The J.M. Smucker Company,Ripon,93,20220308,CL,12/30/2022,Perishable Prepared Food Mfg,Fond Du Lac,Fox Valley
Gannett,Milwaukee,181,20220315,CL,5/15/2022,Newspaper Publishers,Milwaukee,Milwaukee
"Georgia Pacific Consumer Operations, LLC",Green Bay,186,20220317,CL,5/16/2022,Managing Offices,Brown,Bay Area
Collins Aerospace,New Berlin,90,20220325,CL,5/27/2022,Other Aircraft Parts and Auxiliary Equipment Manufacturing,Waukesha,WOW
"BCS Automotive Interface Solutions U.S., LLC",Galesville,57,20220428,CL,7/1/2022,Other Motor Vehicle Parts Mfg,Trempealeau,Western
Wiseway Transportation,Hudson,127,20220509,CL,7/15/2022,Freight Trans Arrangement,Saint Croix,West Central
"NDSM De Pere, LLC",De Pere,135,20220510,WR,7/9/2022,Automatic Environmental Control Manufacturing,Brown,Bay Area
Algoma Medical Center,Algoma,54,20220517,CL,7/1/2022,Nursing Care Facilities (Skilled Nursing),Kewaunee,Bay Area
Aacer Acquisitions,Peshtigo,126,20220526,CL,7/31/2022,"Lumber, Plywood, Millwork, and Wood Panel Merchant Wholesalers",Marinette,Bay Area
Aramark at School District of Beloit,Beloit,63,20220531,CL,6/30/2022,Industrial Launderer,Rock,Southwest
"Asset Development Group, LLC","Menomonie, Neenah, Rice Lake, Pulaski, Brodhead, Lake Geneva, Appleton, Marinette, Forest Junction, Menasha, Chippewa Falls, Mosinee, Kewaunee, Onalaska, Lake Mills, Rice Lake, Lannon, Beaver Dam, Eden, Fond du Lac, Waupaca, Wisconsin Rapids, Markesan, Janesville, Fennimore, Fort Atkinson, Portage, Marquette, Plover, Reeseville, Amery, Kenosha, East Troy, Sullivan, Beloit, Oak Creek, Spencer",75,20220601,CL,8/1/2022,Lessors of Other Real Estate Property,"Dunn, Winnebago, Barron, Brown, Green, Walworth, Outagamie, Marinette, Calumet, Winnebago, Chippewa, Marathon, Kewaunee, La Crosse, Jefferson, Waukesha, Dodge, Fond du Lac, Wood, Green Lake, Rock, Grant, Waupaca, Portage, Marquette, Polk, Kenosha, Milwaukee","Southeast, Milwaukee, WOW, Fox Valley, Bay Area, North Central, West Central, Western, South Central, Southwest"
"NeuGen, LLC",Madison,110,20220601,WR,8/1/2022,Insurance Agencies & Brokerages,Dane,South Central
"DeBoer Transportation, Inc.",Sherry,59,20220614,CL,8/13/2022,General Freight Trucking Long Distance TL,Wood,North Central
Phillips-Medisize,Hudson,96,20220706,WR,7/12/2022,All Other Plastics Product Manufacturing,Saint Croix,West Central
"GXO Logistics Supply Chain, Inc.",Sturtevant,144,20220711,CL,9/10/2022,General Warehousing & Storage,Racine,Southeast
"CapTel, Inc.",Madison,28,20220720,WR,9/20/2022,Telephone Answering Services,Dane,South Central
"CapTel, Inc.",Milwaukee,245,20220720,WR,9/20/2022,Telephone Answering Services,Milwaukee,Milwaukee
Schawk USA Inc.,New Berlin,25,20220726,CL,9/30/2022,Support Activities for Printing,Waukesha,WOW
Neenah Foundry Company,Neenah,115,20220729,WR,9/27/2022,Iron Foundries,Winnebago,Fox Valley
Bay Fabrication Inc.,Green Bay,53,20220817,CL,10/15/2022,Mineral Wool Mfg.,Brown,Bay Area
Pentair Inc.,"Brookfield, Pewaukee",210,20220830,CL,11/1/2022,"Measuring, Dispensing & Oth Pumping Equip Mfg",Waukesha,WOW
"Biomat USA, Inc",Kenosha,33,20220908,CL,11/11/2022,Blood & Organ Banks,Kenosha,Southeast
"Biomat USA, Inc",Madison,47,20220908,CL,11/11/2022,Blood & Organ Banks,Dane,South Central
"Biomat USA, Inc",Milwaukee,34,20220908,CL,11/11/2022,Blood & Organ Banks,Milwaukee,Milwaukee
"Biomat USA, Inc",Milwaukee,31,20220908,CL,11/11/2022,Blood & Organ Banks,Milwaukee,Milwaukee
"Therma-Stor, LLC",Madison,93,20220921,CL,11/26/2022,AC Refrigeration & Forced Air Heating,Dane,South Central
Foremost Farms USA,"Athens, Plover",118,20220923,CL,12/1/2022,Cheese Mfg.,"Marathon, Portage",North Central
"Tru Aseptics, LLC",Beloit,75,20220930,WR,9/30/2022,Fruit & Vegetable Canning,Rock,Southwest
"Georgia-Pacific Corrugated II, LLC",Oshkosh,38,20221017,CL,10/17/2022,Corrugated & Solid Fiber Box Mfg,Winnebago,Fox Valley
"Foot Locker, Inc.",Wausau,210,20221018,CL,1/31/2023,General Warehousing & Storage,Marathon,North Central
Portage Plastics Corporation,Portage,71,20221101,CL,12/31/2022,Plastics Packaging Film & Sheet Mfg,Columbia,South Central
"Healics Wellness, Inc.",Milwaukee,81,20221106,CL,1/23/2023,Misc Ambulatory Health Care Services,Milwaukee,Milwaukee
"Diversey, Inc.",Watertown,60,20221117,WR,1/31/2023,Soap & Other Detergent Mfg,Jefferson,South Central
"Inlanta Mortgage, Inc.",Pewaukee,62,20221129,CL,11/29/2022,Consumer lending,Waukesha,WOW
"Sonoco Wisconsin Cores, LLC",Wisconsin Rapids,70,20221206,CL,03/31/2023,Paperboard Mills,Wood,North Central
"Toledo Molding & Die, Inc.",Beloit,52,20221216,WR,02/17/2023,Motor Vehicle Seating & Interior Trim Mfg,Rock,Southwest
GXO Logistics Supply Chain Inc.,Kenosha,123,20221214,CL,2/13/2023,General Warehousing & Storage,Kenosha,Southeast
"Hubbell Gas Utility Solutions, Inc.",New Berlin,106,20230104,CL,3/7/2023,Oil & Gas Pipeline Construction,Waukesha,WOW
"Monitronics International, Inc., d/b/a Brinks Home",Kenosha,1,20230105,WR,03/05/2023,Security Systems Services excluding Locksmiths,Kenosha,Southeast
"Piggly Wiggly, LLC",Milwaukee,52,20230117,CL,3/18/2023,Supermarkets & Other Grocery Stores,Milwaukee,Milwaukee
ABM Industries Incorporated,Milwaukee,24,20230120,WR,01/21/2023,Janitorial Services,Milwaukee,Milwaukee
Multi-Color Corporation,Menomonee Falls,29,20230123,CL,04/01/2023,Commercial Printing (Except Screen and Books),Waukesha,WOW
"Foot Locker Corporate Services, Inc.",Oshkosh,97,20230123,CL,04/25/2023,Managing Offices,Winnebago,Fox Valley
"Briggs & Stratton, LLC",Wauwatosa,166,20230127,WR,03/31/2023,Motor & Generator Mfg,Milwaukee,Milwaukee
The Biery Cheese Company,Plover,104,20230201,CL,4/2/2023,Dairy Product Merch Whls,Portage,North Central
Marshfield Clinic Health System,Rice Lake,27,20230130,WR,3/31/2023,HMO Medical Centers,Barron,West Central
Marshfield Clinic Health System,Neillsville,12,20230130,WR,3/31/2023,HMO Medical Centers,Clark,West Central
Marshfield Clinic Health System,Marshfield,88,20230130,WR,3/31/2023,HMO Medical Centers,Wood,North Central
Marshfield Clinic Health System,Rhinelander,25,20230130,WR,3/31/2023,HMO Medical Centers,Oneida,North Central
Marshfield Clinic Health System,Minocqua,10,20230130,WR,3/31/2023,HMO Medical Centers,Oneida,North Central
Marshfield Clinic Health System,Ladysmith,37,20230130,WR,3/31/2023,HMO Medical Centers,Rusk,Northwest
Marshfield Clinic Health System,N/A,28,20230130,WR,3/31/2023,HMO Medical Centers,N/A,N/A
Marshfield Clinic Health System,Menomonie,29,20230130,WR,3/31/2023,HMO Medical Centers,Dunn,West Central
Marshfield Clinic Health System,Chippewa Falls,56,20230130,WR,3/31/2023,HMO Medical Centers,Chippewa,West Central
Marshfield Clinic Health System,Weston,3,20230130,WR,3/31/2023,HMO Medical Centers,Marathon,North Central
Marshfield Clinic Health System,Park Falls,19,20230130,WR,3/31/2023,HMO Medical Centers,Price,Northwest
Marshfield Clinic Health System,Medford,26,20230130,WR,3/31/2023,HMO Medical Centers,Taylor,Northwest
Marshfield Clinic Health System,Black River Falls,17,20230130,WR,3/31/2023,HMO Medical Centers,Jackson,Western
"Weir Slurry Group, Inc.",Madison,115,20230201,CL,12/31/2023,"Measuring, Dispensing & Other Pumping Equipment Mfg",Dane,South Central
CFS Brands,Elkhorn,32,20230209,WR,6/30/2023,All Other Misc. Mfg.,Walworth,Southeast
"Accelerated Clinical Labs, Inc.",Wauwatosa,67,20230215,WR,04/30/2023,Medical Laboratories,Milwaukee,Milwaukee
RGL Specialty Solutions,Green Bay,70,20230216,WR,04/26/2023,Process & Logistics Consulting Services,Brown,Bay Area
Marshfield Clinic Health System,Colby,1,20230301,WR,05/19/2023,HMO Medical Centers,Marathon,North Central
Marshfield Clinic Health System,Marshfield,60,20230301,WR,05/19/2023,HMO Medical Centers,Wood,North Central
Marshfield Clinic Health System,Minocqua,11,20230301,WR,05/19/2023,HMO Medical Centers,Oneida,North Central
Marshfield Clinic Health System,Rhinelander,1,20230301,WR,05/19/2023,HMO Medical Centers,Oneida,North Central
Marshfield Clinic Health System,Weston,14,20230301,WR,05/19/2023,HMO Medical Centers,Marathon,North Central
Marshfield Clinic Health System,Merrill,4,20230301,WR,05/19/2023,HMO Medical Centers,Lincoln,North Central
Marshfield Clinic Health System,Wausau,14,20230301,WR,05/19/2023,HMO Medical Centers,Marathon,North Central
Marshfield Clinic Health System,Stevens Point,1,20230301,WR,05/19/2023,HMO Medical Centers,Portage,North Central
Marshfield Clinic Health System,Stratford,1,20230301,WR,05/19/2023,HMO Medical Centers,Marathon,North Central
Marshfield Clinic Health System,Wisconsin Rapids,1,20230301,WR,05/19/2023,HMO Medical Centers,Wood,North Central
Marshfield Clinic Health System,Woodruff,1,20230301,WR,05/19/2023,HMO Medical Centers,Oneida,North Central
Marshfield Clinic Health System,Hayward,2,20230301,WR,05/19/2023,HMO Medical Centers,Sawyer,Northwest
Marshfield Clinic Health System,Ladysmith,8,20230301,WR,05/19/2023,HMO Medical Centers,Rusk,Northwest
Marshfield Clinic Health System,Park Falls,9,20230301,WR,05/19/2023,HMO Medical Centers,Price,Northwest
Marshfield Clinic Health System,Caddot,3,20230301,WR,05/19/2023,HMO Medical Centers,Chippewa,West Central
Marshfield Clinic Health System,Eau Claire,16,20230301,WR,05/19/2023,HMO Medical Centers,Eau Claire,West Central
Marshfield Clinic Health System,Chippewa Falls,5,20230301,WR,05/19/2023,HMO Medical Centers,Chippewa,West Central
Marshfield Clinic Health System,Rice Lake,13,20230301,WR,05/19/2023,HMO Medical Centers,Barron,West Central
Marshfield Clinic Health System,Neillsville,10,20230301,WR,05/19/2023,HMO Medical Centers,Clark,West Central
Marshfield Clinic Health System,Beaver Dam,47,20230301,WR,05/19/2023,HMO Medical Centers,Dodge,South Central
Hutchinson Technology Inc.,Eau Claire,237,20230306,WR,5/5/2023,Computer Storage Device Mfg,Eau Claire,West Central
WM Recycle America LLC,Germantown,9,20230306,WR,5/5/2023,Other Nonhazardous Waste Disposal,Washington,WOW
ABM Industries Incorporated,Milwaukee,37,20230313,WR,3/31/2023,Janitorial Services,Milwaukee,Milwaukee
Marriott GE Healthcare Institute,Waukesha,29,20230315,WR,5/17/2023,Hotels & Motels (except Casino Hotels),Waukesha,WOW
Yellow Corporation,Milwaukee,189,20230316,CL,5/28/2023,General Freight Trucking Long Distance TL,Milwaukee,Milwaukee
"Aspiration Partners, Inc.",N/A,3,20230324,CL,5/26/2023,999999 - Unclassified,N/A,N/A
MillerKnoll Inc.,Sheboygan,161,20230329,CL,5/23/2023,Furn Merch Whls,Sheboygan,Bay Area
David's Bridal,"Greenfield, Brookfield, Grand Chute, Madison, Ashwaubenon, Eau Claire",147,20230414,CL,6/12/2023,Other Clothing Stores,"Milwaukee, Waukesha, Outagamie, Dane, Brown, Eau Claire","Milwaukee, WOW, Bay Area, South Central, West Central"
Cardinal Stritch University Inc.,Milwaukee,489,20230421,CL,6/20/2023,Colleges & Universities,Milwaukee,Milwaukee
Elkay Interior Systems,Fond du Lac,77,20230501,CL,6/30/2023,Institutional Furniture Mfg,Fond du Lac,Fox Valley
Collins Aerospace,Peshtigo,100,20230522,CL,7/28/2023,Other Aircraft Parts & Equip,Marinette,Bay Area
Puris Proteins LLC,Turtle Lake,48,20230525,WR,06/02/23,Soybean & Other Oilseed Processing,Barron,West Central
Phillips-Medisize,Medford,83,20230606,CL,08/07/23,All Other Plastics Product Mfg.,Taylor,Northwest
"Bitwise Industries, Inc.",N/A,1,20230614,WR,6/14/2023,Data Processing Hosting & Related Services,N/A,Milwaukee
Hutchinson Technology Inc.,Eau Claire,50,20230619,WR,8/18/2023,Computer Storage Device Mfg.,Eau Claire,West Central
Badger Bus Lines Inc. ,Madison,200,20230619,WR,8/18/2023,School & Employee Bus Trans,Dane,South Central
Forman Mills Inc,Milwaukee,33,20230620,CL,08/03/2023,Family Clothing Stores,Milwaukee,Milwaukee
EatSteet Inc.,Madison,26,20230621,WR,8/21/2023,Food Service Contractors,Dane,South Central
Aramark Campus LLC,Fond du Lac & North Fond du Lac,86,20230622,WR,6/30/2023,Food Service Contractors,Fond du Lac,Fox Valley
WB Warehousing & Logistics Inc.,Wauwatosa,33,20230626,CL,9/2/2023,General Warehousing & Storage,Milwaukee,Milwaukee
Liberty Parts Team,Madison,20,20230526,CL,06/01/2023,Computer and Computer Peripheral Equipment and Software Merchant Wholesalers,Dane,South Central
Community Development Institute Head Start,Ladysmith,14,20230630,WR,8/31/2023,Child & Youth Services,Rusk,Northwest
Community Development Institute Head Start,Hayward,6,20230630,WR,8/31/2023,Child & Youth Services,Sawyer,Northwest
Community Development Institute Head Start,Medford,5,20230630,WR,8/31/2023,Child & Youth Services,Taylor,Northwest
Community Development Institute Head Start,Siren,6,20230630,WR,8/31/2023,Child & Youth Services,Burnett,Northwest
Community Development Institute Head Start,Minong,2,20230630,WR,8/31/2023,Child & Youth Services,Washburn,Northwest
Community Development Institute Head Start,Spooner,8,20230630,WR,8/31/2023,Child & Youth Services,Washburn,Northwest
Community Development Institute Head Start,Dorchester,7,20230630,WR,8/31/2023,Child & Youth Services,Clark,West Central
SHINE Technologies LLC,Janesville,41,20230808,WR,8/8/2023,Other Basic Inorganic Chem Mfg,Rock,Southwest
SHINE Technologies LLC,Janesville,10,20230808,WR,8/8/2023,Other Basic Inorganic Chem Mfg,Rock,Southwest
SHINE Technologies LLC,Janesville,3,20230808,WR,8/8/2023,Other Basic Inorganic Chem Mfg,Rock,Southwest
SHINE Technologies LLC,Beloit,5,20230808,WR,8/8/2023,Other Basic Inorganic Chem Mfg,Rock,Southwest
Yellow Corporation,Madison,10,20230815,CL,7/30/2023,General Freight Trucking Long Distance TL,Dane,South Central
Yellow Corporation,Eau Claire,9,20230815,CL,7/30/2023,General Freight Trucking Long Distance TL,Chippewa,West Central
Yellow Corporation,Mosinee,24,20230815,CL,7/30/2023,General Freight Trucking Long Distance TL,Marathon,North Central
Yellow Corporation,Neenah,86,20230815,CL,7/30/2023,General Freight Trucking Long Distance TL,Winnebago,Fox Valley
Yellow Corporation,Oak Creek,85,20230815,CL,7/30/2023,General Freight Trucking Long Distance TL,Milwaukee,Milwaukee
Yellow Corporation,Portage,1,20230815,CL,7/30/2023,General Freight Trucking Long Distance TL,Columbia,South Central
Yellow Corporation,Tomah,45,20230815,CL,7/30/2023,General Freight Trucking Long Distance TL,Monroe,Western
Yellow Corporation,Tomah,1,20230815,CL,7/30/2023,General Freight Trucking Long Distance TL,Monroe,Western
Master Lock Company,Milwaukee,325,20230817,CL,11/3/2023,Hardware Manufacturing,Milwaukee,Milwaukee
National Express Transit Corporation,"Milwaukee, Pewaukee, and Waukesha",140,20230901,WR,10/31/2023,Charter Bus Ind,"Milwaukee, Waukesha","Milwaukee, WOW"
"Catholic Charities, Diocese of Madison",Madison,59,20230906,WR,10/31/2023,Services for the Elderly & Disabled,Dane,South Central
"Lereta, LLC",Fond du Lac,28,20230905,WR,11/4/2023,Other Credit Intermediation Activities,Fond du Lac,Fox Valley
Regal Rexnord Corporation,Milwaukee,54,20230913,CL,11/15/2023,"Speed Changer, Industrial High-Speed Drive, and Gear Manufacturing",Milwaukee,Milwaukee
Leaf Home,Kaukauna,37,20230912,WR,11/11/2023,Residential Remodelers,Outagamie,Bay Area
Thriveworks Administrative Services LLC,N/A,1,20230915,WR,11/30/2023,999999 - Unclassified,N/A,Southeast
Superior Die Set Corp,Miwaukee,133,20230922,CL,11/20/2023,Special Tool Die Jig & Fixture Mfg,Milwaukee,Milwaukee
Energizer Manufacturing,Fennimore,172,20231002,CL,12/1/2023,Prime Battery Mfg,Grant,Southwest
"NorthStar Medical Radioisotopes, LLC",Beloit,65,20231005,WR,10/11/2023,Surgical & Medical Instrument Mfg,Rock,Southwest
"NorthStar Medical Radioisotopes, LLC",Madison,28,20231005,WR,10/11/2023,Other Basic Inorganic Chem Mfg,Dane,South Central
Strauss Brands & Logistics,Franklin,127,20231011,WR,12/10/2023,Animal exc Poultry Slaughtering,Milwaukee,Milwaukee
"Dowco, Inc.",Manitowoc,53,20231016,WR,12/11/2023,Textile Bag & Canvas Mills,Manitowoc,Bay Area
"Process Retail Group, Inc.",New Berlin,66,20231016,CL,11/30/2023,Sign Mfg,Waukesha,WOW
BMO Bank N.A.,Milwaukee,44,20231017,WR,12/31/2023,Commercial Banking,Milwaukee,Milwaukee
Premier Staffing Inc,Appleton,223,20231024,CL,12/23/2023,Temporary Help Services,Outagamie,Bay Area
Best Western Premier Waterfront Hotel,Oshkosh,33,20231103,CL,1/31/2024,Hotels & Motels (excluding Casino Hotels),Winnebago,Fox Valley
Saputo Cheese USA Inc.,Belmont,187,20231109,CL,11/11/2023,Cheese Mfg.,Lafayette,Southwest
GoodFellaz Pizza,Spring Green,5,20231114,CL,10/9/2023,Full-service restaurants,Sauk,South Central
Transcontinental Packaging,Tomah,90,20231122,CL,1/15/2024,Paper Bag & Coated & Treated Paper Mfg,Monroe,Western
ProHealth Care Inc,"Waukesha, Oconomowoc, Mukwonago, Brookfield, New Berlin, Delafield, Pewaukee, Watertown, Muskego, Waterford, Sussex, Hartland",835,20231128,WR,1/27/2024,"General Medical & Surgical Hospitals, Managing Offices, Offices of Physicians exc Mental Health","Waukesha, Jefferson, Racine","WOW, South Central, Southeast"
Xcel Energy Inc,Eau Claire,28,20231129,WR,2/1/2024,Other Technical Consulting Services,Eau Claire,West Central
"Dovenmuehle Mortgage, Inc.",Brookfield,17,20231214,WR,2/16/2024,Mortgage & Nonmortgage Loan Brokers,Waukesha,WOW
Energizer Holdings Inc.,Portage,135,20240105,CL,3/5/2024,Prime Battery Mfg,Columbia,South Central
STRATATECH CORP,Madison,35,20240109,WR,1/9/2024,"Research & Dvlp in the Physical, Engg, & Life",Dane,South Central
Lost Boys Interactive LLC,Madison,12,20240112,WR,3/15/2024,Custom Computer Programming Services,Dane,South Central
Credit Union National Association (DBA America's Credit Union) (CORRECTED),Madison,38,20240113,WR,3/15/2024,Credit Unions,Dane,South Central
Prevea Clinic Inc,"Altoona, Eau Claire, Augusta",140,20240122,"CL, WR",3/22/2024,Offices of Physicians exc Mental Health,Eau Claire,West Central
Prevea Clinic Inc,Phillips,2,20240122,WR,3/22/2024,Offices of Physicians exc Mental Health,Price,Northwest
Prevea Clinic Inc,"Chippewa Falls, Cornell",103,20240122,CL,3/22/2024,,Chippewa,West Central
Prevea Clinic Inc,Menomonie,27,20240122,"CL, WR",3/22/2024,Offices of Physicians exc Mental Health,Dunn,West Central
Prevea Clinic Inc,Ladysmith,16,20240122,CL,3/22/2024,Offices of Physicians exc Mental Health,Rusk,Northwest
Prevea Clinic Inc,Rice Lake,30,20240122,CL,3/22/2024,Offices of Physicians exc Mental Health,Barron,West Central
Prevea Clinic Inc,Mondovi,5,20240122,CL,3/22/2024,Offices of Physicians exc Mental Health,Buffalo,Western
HSHS St. Joseph's Hospital Chippewa Falls,Chippewa Falls,244,20240123,CL,3/22/2024,"Offices of Physicians exc Mental Health, General Medical & Surgical Hospitals",Chippewa,West Central
HSHS St. Joseph's Hospital Chippewa Falls,Ladysmith,1,20240123,CL,3/22/2024,Offices of Physicians exc Mental Health,Rusk,Northwest
HSHS St. Joseph's Hospital Chippewa Falls,Rice Lake,2,20240123,CL,3/22/2024,Offices of Physicians exc Mental Health,Barron,West Central
Charter Communications,Milwaukee,173,20240129,WR,3/28/2024,Wired Telecommunications Carriers,Milwaukee,Milwaukee
Hospital Sisters Health System Sacred Heart Hospital of Eau Claire (SHEC),"Altoona, Eau Claire",821,20240123,CL,3/22/2024,General Medical and Surgical Hospitals,Eau Claire,West Central
Hospital Sisters Health System Sacred Heart Hospital of Eau Claire (SHEC),Mondovi,1,20240123,CL,3/22/2024,General Medical and Surgical Hospitals,Buffalo,Western
Hospital Sisters Health System Sacred Heart Hospital of Eau Claire (SHEC),Chippewa Falls,1,20240123,CL,3/22/2024,General Medical and Surgical Hospitals,Chippewa,West Central
Hospital Sisters Health System Sacred Heart Hospital of Eau Claire (SHEC),Menomonie,1,20240123,CL,3/22/2024,General Medical and Surgical Hospitals,Dunn,West Central
"Block, Inc.",Grafton,1,20240130,WR,3/30/2024,Engineering Services,Ozaukee,WOW
Rehabilitation Hospital of Western Wisconsin,Eau Claire,117,20240202,CL,4/2/2024,Specialty (except Psychiatric and Substance Abuse) Hospitals,Eau Claire,West Central
Hutchinson Technology Incorporated,Eau Claire,90,20240205,WR,4/5/2024,Computer Storage Device Mfg,Eau Claire,West Central
H & S MFG CO Inc,Clintonville,42,20240208,CL,4/4/2024,Farm Machinery & Equip Mfg,Waupaca,Fox Valley
Sheridan Wisconsin,Madison,116,20240212,CL,4/13/2024,Books Printing,Dane,South Central
ODW Logistics,Waukesha,107,20240214,CL,4/14/2024,General Warehousing & Storage,Waukesha,WOW
Saputo Cheese USA Inc,Lancaster,98,20240213,CL,3/29/2024,Cheese Mfg,Grant,Southwest
"ABS Global, GENUS INTELLIGEN TECHNOLOGIES (Windsor)","Windsor, Waunakee, Deforest",8,20240219,WR,4/19/2024,Support Activities for Animal Production,Dane,South Central
ABS Global,Poynette,36,20240219,WR,4/19/2024,Support Activities for Animal Production,Columbia,South Central
"Del Monte Foods, Inc.",Markesan,90,20240226,CL,4/26/2024,Fruit & Vegetable Canning,Green Lake,Fox Valley
DWF Wholesale Florists of Milwaukee,Milwaukee,8,20240227,CL,3/8/2024,Nursery & Florist Merch Whls,Milwaukee,Milwaukee
Lakeside Book Company,Menasha,339,20240227,CL,6/7/2024,Books Printing,Winnebago,Fox Valley
Nasco Healthcare,Jefferson,60,20231016,CL,12/8/2023,Other Professional Equip Merch Whls,Jefferson,South Central
Sierra Electrotek LLC,Oak Creek,37,20240227,CL,3/8/2024,Bare Printed Circuit Board Mfg,Milwaukee,Milwaukee
Continence & Pelvic Wellness Clinic,Mequon,1,20240313,CL,3/31/2024,Offices of Specialty Therapists,Ozaukee,WOW
"Zoomlion Heavy Industry NA, Inc.",Yorkville,31,20240320,WR,03/20/2024,Engineering Services,Racine,Southeast
Social Development Commission,"Milwaukee, West Allis",28,20240320,WR,3/21/2024,"Other Human Resource Programs Admin, Civic & Social Organizations, Other Individual & Family Services",Milwaukee,Milwaukee
"Interflight Parking, LLC",Milwaukee,53,20240326,CL,5/31/2024,Parking Lots & Garages,Milwaukee,Milwaukee
"Concordia University, Inc.",Mequon,24,20240401,WR,5/31/2024,Colleges & Universities,Ozaukee,WOW
Volta Charging Industries,San Francisco,1,20240401,CL,5/31/2024,Motor Vehicle Electric & Electronic Equip Mfg,N/A,N/A
"Conagra Brands, Inc.",Beaver Dam,252,20240408,CL,6/10/2024,Other Grocery Product Merch Whls,Dodge,South Central
Cadrex Manufacturing Solutions,"Dresser, Osceola",30,20240408,WR,4/11/2024,Sheet Metal Work Mfg,Polk,West Central
Walmart,Milwaukee,105,20240419,CL,7/26/2024,Supermarkets & Other Grocery Stores,Milwaukee,Milwaukee
Sientra Inc.,Franklin,128,20240419,CL,6/18/2024,Medical Equip Merch Whls,Milwaukee,Milwaukee
"Staff Management Solutions, LLC",Sheboygan Falls,87,20240422,WR,5/3/2024,Temporary Help Services,Sheboygan,Bay Area
JELD-WEN Inc.,Hawkins,338,20240422,CL,6/10/2024,Wood Window & Door Mfg.,Rusk,Northwest
Jennie-O Turkey Store Inc.,Barron,38,20240424,CL,6/28/2024,Poultry Processing,Barron,West Central
Messmer Catholic Schools,Milwaukee,73,20240424,CL,6/30/2024,Elementary & Secondary Schools,Milwaukee,Milwaukee
"Radial, Inc.",N/A,63,20240501,WR,06/28/2024,Telemarketing Bureaus and Other Contract Centers,N/A,N/A
Kalmbach Media Co.,Waukesha,67,20240503,WR,7/1/2024,Periodical Publishers,Waukesha,WOW
Pace Industries LLC,Grafton,90,20240503,WR,6/15/2024,Aluminum Die Casting Foundries,Ozaukee,WOW
Charter Communications LLC,Madison,50,20240509,WR,7/8/2024,Wired Telecommunications Carriers,Dane,South Central
Mauser Packaging Solutions,Sturtevant,42,20240509,CL,7/27/2024,Metal Can Mfg,Racine,Southeast
"Sodexo, Inc and Affiliates",West Allis,51,20240521,CL,6/30/2024,Food Service Contractors,Milwaukee,Milwaukee
Ward Manufacturing,Milwaukee,62,20240523,CL,8/1/2024,Fabricated Pipe & Pipe Fitting Mfg,Milwaukee,Milwaukee
BRP US Inc.,Sturtevant,298,20240523,WR,3/21/2024,Other Engine Equip Mfg,Racine,Southeast
"Cygnus Home Service, LLC","Eau Claire, Marshfield, Rice Lake, Wausau",32,20240528,WR,7/27/2024,Packaged Frozen Food Merch Whls,"Eau Claire, Wood, Barron, Marathon","West Central, North Central"
Bon Appetit Management Company,Appleton,62,20240603,CL,6/17/2024,Food Service Contractors,Outagamie,Bay Area
Strauss Brands & Logistics,Franklin,70,20240604,CL,8/5/2024,Animal exc Poultry Slaughtering,Milwaukee,Milwaukee
Goodwill Manufacturing Inc,Milwaukee,136,20240604,CL,8/3/2024,Vocational Rehabilitation Services,Milwaukee,Milwaukee
"Poblocki Sign Company, LLC",West Allis,91,20240408,CL,6/7/2024,Sign Mfg,Milwaukee,Milwaukee
Sun Nuclear Corporation,Middleton,39,20240625,CL,8/30/2024,Engineering Services,Dane,South Central
Charter Communications LLC,Fond du Lac,122,20240628,WR,8/27/2024,Wired Telecommunications Carriers,Fond du Lac,Fox Valley
Baxter Healthcare Corp,Milwaukee,32,20240628,CL,8/30/2024,Druggists Goods Merch Whls,Milwaukee,Milwaukee
Equintiti Trust Company,Milwaukee,5,20240712,CL,9/30/2024,Securities Brokerage,Milwaukee,Milwaukee
"Cygnus Home Service, LLC",Fennimore,1,20240716,WR,9/14/2024,Packaged Frozen Food Merchant Wholesalers,Grant,Southwest
"Cygnus Home Service, LLC",Prairie du Sac,1,20240716,WR,9/14/2024,Packaged Frozen Food Merchant Wholesalers,Sauk,South Central
"Bradshaw Medical, Inc., dba Intech",Kenosha,37,20240729,WR,9/26/2024,Medical Equip Merch Whls,Kenosha,Southeast
Wisconsin Veneer and Plywood,Mattoon,42,20240801,CL,8/2/2024,Hardwood Veneer & Plywood Mfg.,Shawano,Bay Area
Birchwood Manufacturing,Rice Lake,46,20240801,CL,8/2/2024,Hardwood Veneer & Plywood Mfg.,Barron,West Central
Goodman Veneer & Lumber Company,Goodman,48,20240801,CL,8/2/2024,Hardwood Veneer & Plywood Mfg.,Marinette,Bay Area
Festival Foods,Greenfield,91,20240813,CL,11/4/2024,Supermarkets & Other Grocery Stores,Milwaukee,Milwaukee
EYM Chicken of Wisconsin dba KFC,Janesville & Beloit,34,20240822,CL,8/18/2024,Limited-service restaurants,Rock,Southwest
EYM Chicken of Wisconsin dba KFC,Stoughton,12,20240822,CL,8/18/2024,Limited-service restaurants,Dane,South Central
EYM Chicken of Wisconsin dba KFC,Reedsburg,19,20240822,CL,8/18/2024,Limited-service restaurants,Sauk,South Central
EYM Chicken of Wisconsin dba KFC,Watertown,16,20240822,CL,8/18/2024,Limited-service restaurants,Jefferson,South Central
Charter Communications LLC,Madison,36,20240828,WR,10/28/2024,Wired Telecommunications Carriers,Dane,South Central
DHL Distribution,Sturtevant,32,20240830,CL,02/28/25,General Warehousing & Storage,Racine,Southeast
Lost Boys Interactive LLC,Madison,23,20240909,WR,09/09/2024,Custom Computer Programming Services,Dane,South Central
CNH Industrial America LLC,St. Nazianz,52,20240910,WR,11/14/2024,Farm Machinery & Equip Mfg,Manitowoc,Bay Area
Connexus Credit Union,Wausau,16,20240912,WR,11/11/2024,Credit Unions,Marathon,North Central
"Equiniti Trust Company, LLC",Milwaukee,8,20240917,WR,12/16/2024,Securities Brokerage,Milwaukee,Milwaukee
"Mayville Engineering Company, Inc.",Wautoma,43,20240919,CL,11/16/2024,Misc. Fabricated Metal Product Mfg.,Waushara,Fox Valley
"Cygnus Home Service, LLC",Fennimore,6,20240923,CL,11/22/2024,Packaged Frozen Food Merchant Wholesalers,Grant,Southwest
"Cygnus Home Service, LLC",Fond du Lac,5,20240923,CL,11/22/2024,Packaged Frozen Food Merchant Wholesalers,Fond du Lac,Fox Valley
"Cygnus Home Service, LLC",Franklin,13,20240923,CL,11/22/2024,Packaged Frozen Food Merchant Wholesalers,Milwaukee,Milwaukee
"Cygnus Home Service, LLC",Green Bay,11,20240923,CL,11/22/2024,Packaged Frozen Food Merchant Wholesalers,Brown,Bay Area
"Cygnus Home Service, LLC",Prairie du Sac,13,20240923,CL,11/22/2024,Packaged Frozen Food Merchant Wholesalers,Sauk,South Central
"Cygnus Home Service, LLC",River Falls,8,20240923,CL,11/22/2024,Packaged Frozen Food Merchant Wholesalers,St. Croix,West Central
"Cygnus Home Service, LLC",Sun Prairie,11,20240923,CL,11/22/2024,Packaged Frozen Food Merchant Wholesalers,Dane,South Central
"Cygnus Home Service, LLC",West Salem,11,20240923,CL,11/22/2024,Packaged Frozen Food Merchant Wholesalers,La Crosse,Western
Solina USA,Oak Creek,88,20241009,CL,12/20/2024,Spice & Extract Mfg,Milwaukee,Milwaukee
Democratic Party of Wisconsin,"Madison, Milwaukee",249,20241016,WR,11/15/2024,Political Organizations,"Dane, Milwaukee","South Central, Milwaukee"
ALCOM LLC,Hartford,113,20241021,CL,1/12/2025,Travel Trailer & Camper Mfg,Washington,WOW
J BAUER TRUCKING,Medford,64,20241030,CL,12/31/2024,General Freight Trucking Long Distance TL,Taylor,Northwest
National Regency of New Berlin Inc.,"New Berlin, Muskego, Brookfield",279,20241031,CL,12/31/2024,Assisted Living Facilities for the Elderly,Waukesha,WOW
Packers Sanitation Services Inc Ltd,Kieler,83,20241101,CL,12/31/2024,Managing Offices,Grant,Southwest
Molson Coors Beverage Company USA,Milwaukee,34,20241106,CL,1/17/2025,Breweries,Miwaukee,Milwaukee
Molson Coors Beverage Company USA,Chippewa,56,20241106,CL,1/17/2025,Breweries,Chippewa,West Central
"Hultafors Group North America, LLC",Mequon,45,20241111,CL,3/28/2025,Saw Blade & Handtool Mfg,Ozaukee,WOW
Wisconsin Physicians Service Insurance Corporation (WPS),Madison,313,20241114,WR,1/21/2025,Direct Health & Medical Insurance Carriers,Dane,South Central
Advance Stores Co Inc,Milwaukee,51,20241115,CL,1/27/2025,Automotive Parts & Accessories Stores,Milwaukee,Milwaukee
"Barko Hydraulics, LLC",Superior,57,20241118,CL,12/1/2024,Construction Machinery Manufacturing,Douglas,Northwest
"Allied Plastics, LLC",Twin Lakes,132,20241212,WR,12/21/2024,All Other Plastics Product Mfg,Kenosha,Southeast
Guy & O'Neill Inc,Fredonia,196,20241230,CL,1/31/2025,Sanitary Paper Product Mfg,Ozaukee,WOW
"Genpact RW Services, Inc",Statewide-Remote Employees,54,20250109,WR,3/10/2025,Admin Management Consulting Services,Unknown,Unknown
SpartanNash,Chippewa Falls,45,20250115,CL,3/16/2025,Supermarkets & Other Grocery Stores,Chippewa,West Central
ORBIS Corporation,Menasha,109,20250115,CL,3/16/2025,All Other Plastics Product Mfg,Winnebago,Fox Valley
Air Wisconsin Airlines LLC,Milwaukee,219,20250130,WR,3/31/2025,Scheduled Passenger Air Transportation,Milwaukee,Milwaukee
Air Wisconsin Airlines LLC,Appleton,284,20250130,WR,3/31/2025,Scheduled Passenger Air Transportation,Outagamie,Bay Area
"Badger Truck and Automotive Group, Inc.",Milwaukee,40,20250203,CL,4/4/2025,Motor Vehicle Merch Whls,Milwaukee,Milwaukee
U-Line Corporation,Milwaukee,71,20250217,CL,7/31/2025,Major Household Appliance Manufacturing,Milwaukee,Milwaukee
Northlake Engineering,Bristol,36,20250227,CL,5/30/2025,Elect Coils Transformers & Inductors,Kenosha,Southeast
BH Security LLC,Milwaukee,1,20250317,WR,6/30/2025,Security Systems Services (except Locksmiths),Milwaukee,Milwaukee
Oxbo International Corporation,Clear Lake,68,20250327,CL,6/6/2025,Farm Machinery and Equipment Manufacturing,Polk,West Central
"Concordia University, Inc.",Mequon,5,20250331,WR,5/31/2025,Colleges & Universities,Ozaukee,WOW
Northland College,Ashland,112,20250401,CL,5/31/2025,Colleges & Universities,Ashland,Northwest
UPS,Holmen,42,20250404,CL,6/10/2025,Couriers & Express Delivery Services,La Crosse,Western
Midwest Perishables Inc.,Madison,50,20250406,CL,4/2/2025,Meat & Meat Product Merch Whls,Dane,South Central
ProTec Dynatronix,Amery,53,20250408,CL,4/28/2025,Misc Elect Equip Mfg,Polk,West Central
Air Wisconsin Airlines LLC,Milwaukee,11,20250410,WR,6/1/2025,Scheduled Passenger Air Transportation,Milwaukee,Milwaukee
Air Wisconsin Airlines LLC,Appleton,117,20250410,WR,6/1/2025,Scheduled Passenger Air Transportation,Outagamie,Bay Area
"Accelerate360 Distribution, LLC (Dakota Merchandising Remote Work Unit)",Statewide-Remote Employees,50,20250425,CL,6/28/2025,Book & Periodical Merch Whls,Unknown,Unknown
Truvant North America,Prairie du Chien,74,20250515,CL,7/15/2025,Packaging & Labeling Services,Crawford,Western
Silgan Containers Manufacturing Corp,Oconomowoc,56,20250521,CL,7/21/2025,Metal Can Mfg,Waukesha,WOW
"McDonald Plastic Molding, Inc.",Poynette,28,20250528,CL,6/27/2025,All Other Plastics Product Manufacturing,Columbia,South Central
"Milwaukee Job Corps Center (Horizons Youth Services, LLC)",Milwaukee,104,20250603,WR,6/6/2025,Other Technical & Trade Schools,Milwaukee,Milwaukee
BRP US Inc.,Sturtevant,61,20250605,WR,6/5/2025,Other Engine Equip Mfg.,Racine,Southeast
"Discovery Energy, LLC d/b/a Rehlko",Saukville,66,20250611,CL,8/8/2025,Other Engine Equip Mfg,Ozaukee,WOW
HyPro Inc.,Berlin,24,20250617,CL,8/15/2025,Machine Shops,Green Lake,Fox Valley
Milwaukee Forge LLC,Milwaukee,67,20250618,CL,8/18/2025,Iron & Steel Forging,Milwaukee,Milwaukee
Nasco Education LLC,Fort Atkinson,30,20250623,WR,8/22/2025,Other Professional Equipment and Supplies Merchant Wholesalers,Jefferson,South Central
Quick Motors,Milwaukee,16,20250624,CL,6/30/2025,Used Car Dealers,Milwaukee,Milwaukee
"Wisconsin Physicians Service Insurance Corporation (""WPS"")",Madison,51,20250627,WR,9/30/2025,Direct Health & Medical Insurance Carriers,Dane,South Central
StoneRidge Piggly Wiggly,Wautoma,56,20250709,CL,9/15/2025,Meat Markets,Waushara,Fox Valley
TouchPoint Services (aka Compass Group),Milwaukee,52,20250710,CL,8/1/2025,Food Service Contractors,Milwaukee,Milwaukee
CHS Inc,Superior,25,20250710,CL,9/8/2025,Farm Product Warehousing & Storage,Douglas,Northwest
"United States Cellular Corporation<br/></a><a><em style=""font-size:80%; text-decoration:none !important; color:#000"">* DWD received this layoff notice after receiving the revision.</em>",Multiple,Unknown,20250709,WR,6/2/2025,Wireless Telecom Carriers (except Satellite),Multiple,Multiple
Krueger's True Value,Neenah,37,20250724,CL,10/14/2025,Hardware Stores,Winnebago,Fox Valley
"Renewed Hope Home Care, LLC",Milwaukee,50,20250804,CL,11/30/2025,Services for the Elderly & Disabled,Milwaukee,Milwaukee
"Equiniti Trust Company, LLC",Milwaukee,4,20250811,WR,11/14/2025,Securities Brokerage,Milwaukee,Milwaukee
ZeniMax Media Inc.,Madison,39,20250815,WR,9/1/2025,Software Publishers,Dane,South Central
"Saputo Cheese USA Inc<br/></a><a><em style=""font-size:80%; text-decoration:none !important; color:#000"">* Layoff start date differs from notice; employer clarified phased layoffs will run Nov–Dec 2025, with exact dates still TBD.</em>",Suamico,240,20250905,CL,11/1/2025,Cheese Mfg,Brown,Bay Area
Air Wisconsin Airlines LLC (ATW),Appleton,127,20250905,WR,10/28/2025,Scheduled Passenger Air Transportation,Outagamie,Bay Area
Air Wisconsin Airlines LLC (MKE Hangar),Milwaukee,30,20250905,WR,10/28/2025,Scheduled Passenger Air Transportation,Milwaukee,Milwaukee
Air Wisconsin Airlines LLC (MKE),Milwaukee,84,20250905,WR,10/28/2025,Scheduled Passenger Air Transportation,Milwaukee,Milwaukee
360x Logistics LLC,Sturtevant,59,20250905,CL,10/4/2025,Couriers & Express Delivery Services,Racine,Southeast
"Pregis Innovative Packaging, LLC",Germantown,48,20250910,CL,4/30/2026,Plastics Packaging Film and Sheet (including Laminated) Manufacturing,Washington,WOW
Sheridan Random Lake,Random Lake,104,20250923,CL,11/21/2025,Commercial Gravure Printing,Sheboygan,Bay Area
Action Printing (A JAL Equity Corp),Fond Du Lac,44,20250925,CL,8/7/2025,Newspaper Publishers,Fond du Lac,Fox Valley
"Wausau Equipment Company, LLC",New Berlin,67,20251008,CL,12/7/2025,Construction Machinery Mfg,Waukesha,WOW
"Xylem, Inc.",Waukesha,40,20251013,WR,10/13/2025,"Measuring, Dispensing & Oth Pumping Equip Mfg",Waukesha,WOW
The First Step Community Recovery Center,Milwaukee,85,20251024,CL,12/31/2025,Residential Mental & Substance Abuse Care,Milwaukee,Milwaukee
"Elior, Inc.",Oshkosh,155,20251103,CL,5/17/2026,Food Service Contractors,Winnebago,Fox Valley
"Daybreak Foods, Inc. (Cold Spring Farm)",Palmyra,65,20251105,WR,11/7/2025,Chicken Egg Production,Jefferson,South Central
"PrimeFlight Aviation Services, Inc.",Milwaukee,27,20251109,CL,1/9/2026,Other Airport Operations,Milwaukee,Milwaukee
Superior YMCA,Superior,112,20251113,WR,12/31/2025,Civic & Social Organizations,Douglas,Northwest
"Kroger Fulfillment Network, LLC",Pleasant Prairie,211,20251118,CL,2/1/2026,General Warehousing & Storage,Kenosha,Southeast
Nordstrom,N/A,1,20251119,WR,3/1/2026,Credit Card Issuing,N/A,N/A
Prince Corporation,Marshfield,80,20251219,CL,2/19/2026,General Freight Trucking Long Distance TL,Wood,North Central
